[{
    "id": "1",
    "url": "/static/news.png",
    "title": "新闻资讯",
    "router": { "name": "News" }

}, {
    "id": "2",
    "url": "/static/picShare.png",
    "title": "图片分享",
    "router": { "name": "News" }
}, {
    "id": "3",
    "url": "/static/goodsShow.png",
    "title": "商品展示",
    "router": { "name": "Products" }
}, {
    "id": "4",
    "url": "/static/search.png",
    "title": "国际新闻",
    "router": { "name": "News" }
}, {
    "id": "5",
    "url": "/static/feedback.png",
    "title": "留言反馈",
    "router": { "name": "News" }
}, {
    "id": "6",
    "url": "/static/callme.png",
    "title": "联系我们",
    "router": { "name": "News" }
}]