{ "count": 14, "start": 0, "total": 250, "subjects": [{ "rating": { "max": 10, "average": 9.7, "details": { "1": 1294.0, "3": 17769.0, "2": 1082.0, "5": 1029530.0, "4": 166306.0 }, "stars": "50", "min": 0 }, "genres": ["\u72af\u7f6a", "\u5267\u60c5"], "title": "\u8096\u7533\u514b\u7684\u6551\u8d4e", "casts": [{ "avatars": { "small": "https://img3.doubanio.com\/view\/celebrity\/s_ratio_celebrity\/public\/p17525.webp", "large": "https://img3.doubanio.com\/view\/celebrity\/s_ratio_celebrity\/public\/p17525.webp", "medium": "https://img3.doubanio.com\/view\/celebrity\/s_ratio_celebrity\/public\/p17525.webp" }, "name_en": "Tim Robbins", "name": "\u8482\u59c6\u00b7\u7f57\u5bbe\u65af", "alt": "https:\/\/movie.douban.com\/celebrity\/1054521\/", "id": "1054521" }, { "avatars": { "small": "https://img3.doubanio.com\/view\/celebrity\/s_ratio_celebrity\/public\/p34642.webp", "large": "https://img3.doubanio.com\/view\/celebrity\/s_ratio_celebrity\/public\/p34642.webp", "medium": "https://img3.doubanio.com\/view\/celebrity\/s_ratio_celebrity\/public\/p34642.webp" }, "name_en": "Morgan Freeman", "name": "\u6469\u6839\u00b7\u5f17\u91cc\u66fc", "alt": "https:\/\/movie.douban.com\/celebrity\/1054534\/", "id": "1054534" }, { "avatars": { "small": "https://img1.doubanio.com\/view\/celebrity\/s_ratio_celebrity\/public\/p5837.webp", "large": "https://img1.doubanio.com\/view\/celebrity\/s_ratio_celebrity\/public\/p5837.webp", "medium": "https://img1.doubanio.com\/view\/celebrity\/s_ratio_celebrity\/public\/p5837.webp" }, "name_en": "Bob Gunton", "name": "\u9c8d\u52c3\u00b7\u5188\u987f", "alt": "https:\/\/movie.douban.com\/celebrity\/1041179\/", "id": "1041179" }], "durations": ["142\u5206\u949f"], "collect_count": 2084759, "mainland_pubdate": "", "has_video": true, "original_title": "The Shawshank Redemption", "subtype": "movie", "directors": [{ "avatars": { "small": "https://img3.doubanio.com\/view\/celebrity\/s_ratio_celebrity\/public\/p230.webp", "large": "https://img3.doubanio.com\/view\/celebrity\/s_ratio_celebrity\/public\/p230.webp", "medium": "https://img3.doubanio.com\/view\/celebrity\/s_ratio_celebrity\/public\/p230.webp" }, "name_en": "Frank Darabont", "name": "\u5f17\u5170\u514b\u00b7\u5fb7\u62c9\u90a6\u7279", "alt": "https:\/\/movie.douban.com\/celebrity\/1047973\/", "id": "1047973" }], "pubdates": ["1994-09-10(\u591a\u4f26\u591a\u7535\u5f71\u8282)", "1994-10-14(\u7f8e\u56fd)"], "year": "1994", "images": { "small": "https://img3.doubanio.com\/view\/photo\/s_ratio_poster\/public\/p480747492.webp", "large": "https://img3.doubanio.com\/view\/photo\/s_ratio_poster\/public\/p480747492.webp", "medium": "https://img3.doubanio.com\/view\/photo\/s_ratio_poster\/public\/p480747492.webp" }, "alt": "https:\/\/movie.douban.com\/subject\/1292052\/", "id": "1292052" }, { "rating": { "max": 10, "average": 9.6, "details": { "1": 1266.0, "3": 20170.0, "2": 1440.0, "5": 761764.0, "4": 148941.0 }, "stars": "50", "min": 0 }, "genres": ["\u5267\u60c5", "\u7231\u60c5", "\u540c\u6027"], "title": "\u9738\u738b\u522b\u59ec", "casts": [{ "avatars": { "small": "https://img1.doubanio.com\/view\/celebrity\/s_ratio_celebrity\/public\/p67.webp", "large": "https://img1.doubanio.com\/view\/celebrity\/s_ratio_celebrity\/public\/p67.webp", "medium": "https://img1.doubanio.com\/view\/celebrity\/s_ratio_celebrity\/public\/p67.webp" }, "name_en": "Leslie Cheung", "name": "\u5f20\u56fd\u8363", "alt": "https:\/\/movie.douban.com\/celebrity\/1003494\/", "id": "1003494" }, { "avatars": { "small": "https://img3.doubanio.com\/view\/celebrity\/s_ratio_celebrity\/public\/p46345.webp", "large": "https://img3.doubanio.com\/view\/celebrity\/s_ratio_celebrity\/public\/p46345.webp", "medium": "https://img3.doubanio.com\/view\/celebrity\/s_ratio_celebrity\/public\/p46345.webp" }, "name_en": "Fengyi Zhang", "name": "\u5f20\u4e30\u6bc5", "alt": "https:\/\/movie.douban.com\/celebrity\/1050265\/", "id": "1050265" }, { "avatars": { "small": "https://img1.doubanio.com\/view\/celebrity\/s_ratio_celebrity\/public\/p1399268395.47.webp", "large": "https://img1.doubanio.com\/view\/celebrity\/s_ratio_celebrity\/public\/p1399268395.47.webp", "medium": "https://img1.doubanio.com\/view\/celebrity\/s_ratio_celebrity\/public\/p1399268395.47.webp" }, "name_en": "Li Gong", "name": "\u5de9\u4fd0", "alt": "https:\/\/movie.douban.com\/celebrity\/1035641\/", "id": "1035641" }], "durations": ["171 \u5206\u949f"], "collect_count": 1667089, "mainland_pubdate": "", "has_video": true, "original_title": "\u9738\u738b\u522b\u59ec", "subtype": "movie", "directors": [{ "avatars": { "small": "https://img3.doubanio.com\/view\/celebrity\/s_ratio_celebrity\/public\/p1451727734.81.webp", "large": "https://img3.doubanio.com\/view\/celebrity\/s_ratio_celebrity\/public\/p1451727734.81.webp", "medium": "https://img3.doubanio.com\/view\/celebrity\/s_ratio_celebrity\/public\/p1451727734.81.webp" }, "name_en": "Kaige Chen", "name": "\u9648\u51ef\u6b4c", "alt": "https:\/\/movie.douban.com\/celebrity\/1023040\/", "id": "1023040" }], "pubdates": ["1993-01-01(\u4e2d\u56fd\u9999\u6e2f)"], "year": "1993", "images": { "small": "https://img3.doubanio.com\/view\/photo\/s_ratio_poster\/public\/p2561716440.webp", "large": "https://img3.doubanio.com\/view\/photo\/s_ratio_poster\/public\/p2561716440.webp", "medium": "https://img3.doubanio.com\/view\/photo\/s_ratio_poster\/public\/p2561716440.webp" }, "alt": "https:\/\/movie.douban.com\/subject\/1291546\/", "id": "1291546" }, { "rating": { "max": 10, "average": 9.5, "details": { "1": 971.0, "3": 28503.0, "2": 1804.0, "5": 749692.0, "4": 204304.0 }, "stars": "50", "min": 0 }, "genres": ["\u5267\u60c5", "\u7231\u60c5"], "title": "\u963f\u7518\u6b63\u4f20", "casts": [{ "avatars": { "small": "https://img3.doubanio.com\/view\/celebrity\/s_ratio_celebrity\/public\/p28603.webp", "large": "https://img3.doubanio.com\/view\/celebrity\/s_ratio_celebrity\/public\/p28603.webp", "medium": "https://img3.doubanio.com\/view\/celebrity\/s_ratio_celebrity\/public\/p28603.webp" }, "name_en": "Tom Hanks", "name": "\u6c64\u59c6\u00b7\u6c49\u514b\u65af", "alt": "https:\/\/movie.douban.com\/celebrity\/1054450\/", "id": "1054450" }, { "avatars": { "small": "https://img1.doubanio.com\/view\/celebrity\/s_ratio_celebrity\/public\/p1537890386.77.webp", "large": "https://img1.doubanio.com\/view\/celebrity\/s_ratio_celebrity\/public\/p1537890386.77.webp", "medium": "https://img1.doubanio.com\/view\/celebrity\/s_ratio_celebrity\/public\/p1537890386.77.webp" }, "name_en": "Robin Wright", "name": "\u7f57\u5bbe\u00b7\u6000\u7279", "alt": "https:\/\/movie.douban.com\/celebrity\/1002676\/", "id": "1002676" }, { "avatars": { "small": "https://img3.doubanio.com\/view\/celebrity\/s_ratio_celebrity\/public\/p26315.webp", "large": "https://img3.doubanio.com\/view\/celebrity\/s_ratio_celebrity\/public\/p26315.webp", "medium": "https://img3.doubanio.com\/view\/celebrity\/s_ratio_celebrity\/public\/p26315.webp" }, "name_en": "Gary Sinise", "name": "\u52a0\u91cc\u00b7\u897f\u5c3c\u65af", "alt": "https:\/\/movie.douban.com\/celebrity\/1031848\/", "id": "1031848" }], "durations": ["142\u5206\u949f"], "collect_count": 1817009, "mainland_pubdate": "", "has_video": true, "original_title": "Forrest Gump", "subtype": "movie", "directors": [{ "avatars": { "small": "https://img3.doubanio.com\/view\/celebrity\/s_ratio_celebrity\/public\/p505.webp", "large": "https://img3.doubanio.com\/view\/celebrity\/s_ratio_celebrity\/public\/p505.webp", "medium": "https://img3.doubanio.com\/view\/celebrity\/s_ratio_celebrity\/public\/p505.webp" }, "name_en": "Robert Zemeckis", "name": "\u7f57\u4f2f\u7279\u00b7\u6cfd\u7c73\u5409\u65af", "alt": "https:\/\/movie.douban.com\/celebrity\/1053564\/", "id": "1053564" }], "pubdates": ["1994-06-23(\u6d1b\u6749\u77f6\u9996\u6620)", "1994-07-06(\u7f8e\u56fd)"], "year": "1994", "images": { "small": "https://img3.doubanio.com\/view\/photo\/s_ratio_poster\/public\/p2559011361.webp", "large": "https://img3.doubanio.com\/view\/photo\/s_ratio_poster\/public\/p2559011361.webp", "medium": "https://img3.doubanio.com\/view\/photo\/s_ratio_poster\/public\/p2559011361.webp" }, "alt": "https:\/\/movie.douban.com\/subject\/1292720\/", "id": "1292720" }, { "rating": { "max": 10, "average": 9.4, "details": { "1": 1110.0, "3": 36271.0, "2": 2135.0, "5": 840632.0, "4": 253348.0 }, "stars": "50", "min": 0 }, "genres": ["\u5267\u60c5", "\u52a8\u4f5c", "\u72af\u7f6a"], "title": "\u8fd9\u4e2a\u6740\u624b\u4e0d\u592a\u51b7", "casts": [{ "avatars": { "small": "https://img3.doubanio.com\/view\/celebrity\/s_ratio_celebrity\/public\/p8833.webp", "large": "https://img3.doubanio.com\/view\/celebrity\/s_ratio_celebrity\/public\/p8833.webp", "medium": "https://img3.doubanio.com\/view\/celebrity\/s_ratio_celebrity\/public\/p8833.webp" }, "name_en": "Jean Reno", "name": "\u8ba9\u00b7\u96f7\u8bfa", "alt": "https:\/\/movie.douban.com\/celebrity\/1025182\/", "id": "1025182" }, { "avatars": { "small": "https://img3.doubanio.com\/view\/celebrity\/s_ratio_celebrity\/public\/p2274.webp", "large": "https://img3.doubanio.com\/view\/celebrity\/s_ratio_celebrity\/public\/p2274.webp", "medium": "https://img3.doubanio.com\/view\/celebrity\/s_ratio_celebrity\/public\/p2274.webp" }, "name_en": "Natalie Portman", "name": "\u5a1c\u5854\u8389\u00b7\u6ce2\u7279\u66fc", "alt": "https:\/\/movie.douban.com\/celebrity\/1054454\/", "id": "1054454" }, { "avatars": { "small": "https://img3.doubanio.com\/view\/celebrity\/s_ratio_celebrity\/public\/p33896.webp", "large": "https://img3.doubanio.com\/view\/celebrity\/s_ratio_celebrity\/public\/p33896.webp", "medium": "https://img3.doubanio.com\/view\/celebrity\/s_ratio_celebrity\/public\/p33896.webp" }, "name_en": "Gary Oldman", "name": "\u52a0\u91cc\u00b7\u5965\u5fb7\u66fc", "alt": "https:\/\/movie.douban.com\/celebrity\/1010507\/", "id": "1010507" }], "durations": ["110\u5206\u949f(\u5267\u573a\u7248)", "133\u5206\u949f(\u56fd\u9645\u7248)"], "collect_count": 2127158, "mainland_pubdate": "", "has_video": true, "original_title": "L\u00e9on", "subtype": "movie", "directors": [{ "avatars": { "small": "https://img3.doubanio.com\/view\/celebrity\/s_ratio_celebrity\/public\/p33301.webp", "large": "https://img3.doubanio.com\/view\/celebrity\/s_ratio_celebrity\/public\/p33301.webp", "medium": "https://img3.doubanio.com\/view\/celebrity\/s_ratio_celebrity\/public\/p33301.webp" }, "name_en": "Luc Besson", "name": "\u5415\u514b\u00b7\u8d1d\u677e", "alt": "https:\/\/movie.douban.com\/celebrity\/1031876\/", "id": "1031876" }], "pubdates": ["1994-09-14(\u6cd5\u56fd)"], "year": "1994", "images": { "small": "https://img3.doubanio.com\/view\/photo\/s_ratio_poster\/public\/p511118051.webp", "large": "https://img3.doubanio.com\/view\/photo\/s_ratio_poster\/public\/p511118051.webp", "medium": "https://img3.doubanio.com\/view\/photo\/s_ratio_poster\/public\/p511118051.webp" }, "alt": "https:\/\/movie.douban.com\/subject\/1295644\/", "id": "1295644" }, { "rating": { "max": 10, "average": 9.5, "details": { "1": 621.0, "3": 13812.0, "2": 1125.0, "5": 464925.0, "4": 102452.0 }, "stars": "50", "min": 0 }, "genres": ["\u5267\u60c5", "\u559c\u5267", "\u7231\u60c5"], "title": "\u7f8e\u4e3d\u4eba\u751f", "casts": [{ "avatars": { "small": "https://img3.doubanio.com\/view\/celebrity\/s_ratio_celebrity\/public\/p26764.webp", "large": "https://img3.doubanio.com\/view\/celebrity\/s_ratio_celebrity\/public\/p26764.webp", "medium": "https://img3.doubanio.com\/view\/celebrity\/s_ratio_celebrity\/public\/p26764.webp" }, "name_en": "Roberto Benigni", "name": "\u7f57\u4f2f\u6258\u00b7\u8d1d\u5c3c\u5c3c", "alt": "https:\/\/movie.douban.com\/celebrity\/1041004\/", "id": "1041004" }, { "avatars": { "small": "https://img1.doubanio.com\/view\/celebrity\/s_ratio_celebrity\/public\/p9548.webp", "large": "https://img1.doubanio.com\/view\/celebrity\/s_ratio_celebrity\/public\/p9548.webp", "medium": "https://img1.doubanio.com\/view\/celebrity\/s_ratio_celebrity\/public\/p9548.webp" }, "name_en": "Nicoletta Braschi", "name": "\u5c3c\u53ef\u83b1\u5854\u00b7\u5e03\u62c9\u65af\u57fa", "alt": "https:\/\/movie.douban.com\/celebrity\/1000375\/", "id": "1000375" }, { "avatars": { "small": "https://img3.doubanio.com\/view\/celebrity\/s_ratio_celebrity\/public\/p45590.webp", "large": "https://img3.doubanio.com\/view\/celebrity\/s_ratio_celebrity\/public\/p45590.webp", "medium": "https://img3.doubanio.com\/view\/celebrity\/s_ratio_celebrity\/public\/p45590.webp" }, "name_en": "Giorgio Cantarini", "name": "\u4e54\u6cbb\u00b7\u574e\u5854\u91cc\u5c3c", "alt": "https:\/\/movie.douban.com\/celebrity\/1000368\/", "id": "1000368" }], "durations": ["116\u5206\u949f", "125\u5206\u949f(\u52a0\u957f\u7248)"], "collect_count": 954241, "mainland_pubdate": "", "has_video": true, "original_title": "La vita \u00e8 bella", "subtype": "movie", "directors": [{ "avatars": { "small": "https://img3.doubanio.com\/view\/celebrity\/s_ratio_celebrity\/public\/p26764.webp", "large": "https://img3.doubanio.com\/view\/celebrity\/s_ratio_celebrity\/public\/p26764.webp", "medium": "https://img3.doubanio.com\/view\/celebrity\/s_ratio_celebrity\/public\/p26764.webp" }, "name_en": "Roberto Benigni", "name": "\u7f57\u4f2f\u6258\u00b7\u8d1d\u5c3c\u5c3c", "alt": "https:\/\/movie.douban.com\/celebrity\/1041004\/", "id": "1041004" }], "pubdates": ["1997-12-20(\u610f\u5927\u5229)"], "year": "1997", "images": { "small": "https://img3.doubanio.com\/view\/photo\/s_ratio_poster\/public\/p510861873.webp", "large": "https://img3.doubanio.com\/view\/photo\/s_ratio_poster\/public\/p510861873.webp", "medium": "https://img3.doubanio.com\/view\/photo\/s_ratio_poster\/public\/p510861873.webp" }, "alt": "https:\/\/movie.douban.com\/subject\/1292063\/", "id": "1292063" }, { "rating": { "max": 10, "average": 9.4, "details": { "1": 890.0, "3": 37571.0, "2": 2172.0, "5": 693938.0, "4": 215956.0 }, "stars": "50", "min": 0 }, "genres": ["\u5267\u60c5", "\u7231\u60c5", "\u707e\u96be"], "title": "\u6cf0\u5766\u5c3c\u514b\u53f7", "casts": [{ "avatars": { "small": "https://img3.doubanio.com\/view\/celebrity\/s_ratio_celebrity\/public\/p470.webp", "large": "https://img3.doubanio.com\/view\/celebrity\/s_ratio_celebrity\/public\/p470.webp", "medium": "https://img3.doubanio.com\/view\/celebrity\/s_ratio_celebrity\/public\/p470.webp" }, "name_en": "Leonardo DiCaprio", "name": "\u83b1\u6602\u7eb3\u591a\u00b7\u8fea\u5361\u666e\u91cc\u5965", "alt": "https:\/\/movie.douban.com\/celebrity\/1041029\/", "id": "1041029" }, { "avatars": { "small": "https://img1.doubanio.com\/view\/celebrity\/s_ratio_celebrity\/public\/p53358.webp", "large": "https://img1.doubanio.com\/view\/celebrity\/s_ratio_celebrity\/public\/p53358.webp", "medium": "https://img1.doubanio.com\/view\/celebrity\/s_ratio_celebrity\/public\/p53358.webp" }, "name_en": "Kate Winslet", "name": "\u51ef\u7279\u00b7\u6e29\u4e1d\u83b1\u7279", "alt": "https:\/\/movie.douban.com\/celebrity\/1054446\/", "id": "1054446" }, { "avatars": { "small": "https://img3.doubanio.com\/view\/celebrity\/s_ratio_celebrity\/public\/p45186.webp", "large": "https://img3.doubanio.com\/view\/celebrity\/s_ratio_celebrity\/public\/p45186.webp", "medium": "https://img3.doubanio.com\/view\/celebrity\/s_ratio_celebrity\/public\/p45186.webp" }, "name_en": "Billy Zane", "name": "\u6bd4\u5229\u00b7\u8d5e\u6069", "alt": "https:\/\/movie.douban.com\/celebrity\/1031864\/", "id": "1031864" }], "durations": ["194\u5206\u949f", "227\u5206\u949f(\u767d\u661f\u7248)"], "collect_count": 1721845, "mainland_pubdate": "1998-04-03", "has_video": true, "original_title": "Titanic", "subtype": "movie", "directors": [{ "avatars": { "small": "https://img3.doubanio.com\/view\/celebrity\/s_ratio_celebrity\/public\/p33715.webp", "large": "https://img3.doubanio.com\/view\/celebrity\/s_ratio_celebrity\/public\/p33715.webp", "medium": "https://img3.doubanio.com\/view\/celebrity\/s_ratio_celebrity\/public\/p33715.webp" }, "name_en": "James Cameron", "name": "\u8a79\u59c6\u65af\u00b7\u5361\u6885\u9686", "alt": "https:\/\/movie.douban.com\/celebrity\/1022571\/", "id": "1022571" }], "pubdates": ["1997-11-01(\u4e1c\u4eac\u7535\u5f71\u8282)", "1997-12-19(\u7f8e\u56fd)", "1998-04-03(\u4e2d\u56fd\u5927\u9646)"], "year": "1997", "images": { "small": "https://img3.doubanio.com\/view\/photo\/s_ratio_poster\/public\/p457760035.webp", "large": "https://img3.doubanio.com\/view\/photo\/s_ratio_poster\/public\/p457760035.webp", "medium": "https://img3.doubanio.com\/view\/photo\/s_ratio_poster\/public\/p457760035.webp" }, "alt": "https:\/\/movie.douban.com\/subject\/1292722\/", "id": "1292722" }, { "rating": { "max": 10, "average": 9.3, "details": { "1": 1153.0, "3": 39275.0, "2": 2192.0, "5": 732507.0, "4": 248967.0 }, "stars": "50", "min": 0 }, "genres": ["\u5267\u60c5", "\u52a8\u753b", "\u5947\u5e7b"], "title": "\u5343\u4e0e\u5343\u5bfb", "casts": [{ "avatars": { "small": "https://img3.doubanio.com\/view\/celebrity\/s_ratio_celebrity\/public\/p1463193210.13.webp", "large": "https://img3.doubanio.com\/view\/celebrity\/s_ratio_celebrity\/public\/p1463193210.13.webp", "medium": "https://img3.doubanio.com\/view\/celebrity\/s_ratio_celebrity\/public\/p1463193210.13.webp" }, "name_en": "Rumi Hiiragi", "name": "\u67ca\u7460\u7f8e", "alt": "https:\/\/movie.douban.com\/celebrity\/1023337\/", "id": "1023337" }, { "avatars": { "small": "https://img3.doubanio.com\/view\/celebrity\/s_ratio_celebrity\/public\/p44986.webp", "large": "https://img3.doubanio.com\/view\/celebrity\/s_ratio_celebrity\/public\/p44986.webp", "medium": "https://img3.doubanio.com\/view\/celebrity\/s_ratio_celebrity\/public\/p44986.webp" }, "name_en": "Miyu Irino", "name": "\u5165\u91ce\u81ea\u7531", "alt": "https:\/\/movie.douban.com\/celebrity\/1005438\/", "id": "1005438" }, { "avatars": { "small": "https://img3.doubanio.com\/view\/celebrity\/s_ratio_celebrity\/public\/p1376151005.51.webp", "large": "https://img3.doubanio.com\/view\/celebrity\/s_ratio_celebrity\/public\/p1376151005.51.webp", "medium": "https://img3.doubanio.com\/view\/celebrity\/s_ratio_celebrity\/public\/p1376151005.51.webp" }, "name_en": "Mari Natsuki", "name": "\u590f\u6728\u771f\u7406", "alt": "https:\/\/movie.douban.com\/celebrity\/1045797\/", "id": "1045797" }], "durations": ["125\u5206\u949f"], "collect_count": 1720515, "mainland_pubdate": "2019-06-21", "has_video": false, "original_title": "\u5343\u3068\u5343\u5c0b\u306e\u795e\u96a0\u3057", "subtype": "movie", "directors": [{ "avatars": { "small": "https://img3.doubanio.com\/view\/celebrity\/s_ratio_celebrity\/public\/p616.webp", "large": "https://img3.doubanio.com\/view\/celebrity\/s_ratio_celebrity\/public\/p616.webp", "medium": "https://img3.doubanio.com\/view\/celebrity\/s_ratio_celebrity\/public\/p616.webp" }, "name_en": "Hayao Miyazaki", "name": "\u5bab\u5d0e\u9a8f", "alt": "https:\/\/movie.douban.com\/celebrity\/1054439\/", "id": "1054439" }], "pubdates": ["2001-07-20(\u65e5\u672c)", "2019-06-21(\u4e2d\u56fd\u5927\u9646)"], "year": "2001", "images": { "small": "https://img1.doubanio.com\/view\/photo\/s_ratio_poster\/public\/p2557573348.webp", "large": "https://img1.doubanio.com\/view\/photo\/s_ratio_poster\/public\/p2557573348.webp", "medium": "https://img1.doubanio.com\/view\/photo\/s_ratio_poster\/public\/p2557573348.webp" }, "alt": "https:\/\/movie.douban.com\/subject\/1291561\/", "id": "1291561" }, { "rating": { "max": 10, "average": 9.5, "details": { "1": 411.0, "3": 12892.0, "2": 687.0, "5": 400281.0, "4": 99907.0 }, "stars": "50", "min": 0 }, "genres": ["\u5267\u60c5", "\u5386\u53f2", "\u6218\u4e89"], "title": "\u8f9b\u5fb7\u52d2\u7684\u540d\u5355", "casts": [{ "avatars": { "small": "https://img3.doubanio.com\/view\/celebrity\/s_ratio_celebrity\/public\/p44906.webp", "large": "https://img3.doubanio.com\/view\/celebrity\/s_ratio_celebrity\/public\/p44906.webp", "medium": "https://img3.doubanio.com\/view\/celebrity\/s_ratio_celebrity\/public\/p44906.webp" }, "name_en": "Liam Neeson", "name": "\u8fde\u59c6\u00b7\u5c3c\u68ee", "alt": "https:\/\/movie.douban.com\/celebrity\/1031220\/", "id": "1031220" }, { "avatars": { "small": "https://img1.doubanio.com\/view\/celebrity\/s_ratio_celebrity\/public\/p1374649659.58.webp", "large": "https://img1.doubanio.com\/view\/celebrity\/s_ratio_celebrity\/public\/p1374649659.58.webp", "medium": "https://img1.doubanio.com\/view\/celebrity\/s_ratio_celebrity\/public\/p1374649659.58.webp" }, "name_en": "Ben Kingsley", "name": "\u672c\u00b7\u91d1\u65af\u5229", "alt": "https:\/\/movie.douban.com\/celebrity\/1054393\/", "id": "1054393" }, { "avatars": { "small": "https://img3.doubanio.com\/view\/celebrity\/s_ratio_celebrity\/public\/p28941.webp", "large": "https://img3.doubanio.com\/view\/celebrity\/s_ratio_celebrity\/public\/p28941.webp", "medium": "https://img3.doubanio.com\/view\/celebrity\/s_ratio_celebrity\/public\/p28941.webp" }, "name_en": "Ralph Fiennes", "name": "\u62c9\u5c14\u592b\u00b7\u8d39\u56e0\u65af", "alt": "https:\/\/movie.douban.com\/celebrity\/1006956\/", "id": "1006956" }], "durations": ["195\u5206\u949f"], "collect_count": 886905, "mainland_pubdate": "", "has_video": true, "original_title": "Schindler's List", "subtype": "movie", "directors": [{ "avatars": { "small": "https://img3.doubanio.com\/view\/celebrity\/s_ratio_celebrity\/public\/p34602.webp", "large": "https://img3.doubanio.com\/view\/celebrity\/s_ratio_celebrity\/public\/p34602.webp", "medium": "https://img3.doubanio.com\/view\/celebrity\/s_ratio_celebrity\/public\/p34602.webp" }, "name_en": "Steven Spielberg", "name": "\u53f2\u8482\u6587\u00b7\u65af\u76ae\u5c14\u4f2f\u683c", "alt": "https:\/\/movie.douban.com\/celebrity\/1054440\/", "id": "1054440" }], "pubdates": ["1993-11-30(\u534e\u76db\u987f\u9996\u6620)", "1994-02-04(\u7f8e\u56fd)"], "year": "1993", "images": { "small": "https://img3.doubanio.com\/view\/photo\/s_ratio_poster\/public\/p492406163.webp", "large": "https://img3.doubanio.com\/view\/photo\/s_ratio_poster\/public\/p492406163.webp", "medium": "https://img3.doubanio.com\/view\/photo\/s_ratio_poster\/public\/p492406163.webp" }, "alt": "https:\/\/movie.douban.com\/subject\/1295124\/", "id": "1295124" }, { "rating": { "max": 10, "average": 9.3, "details": { "1": 1471.0, "3": 39437.0, "2": 2438.0, "5": 689770.0, "4": 248723.0 }, "stars": "50", "min": 0 }, "genres": ["\u5267\u60c5", "\u79d1\u5e7b", "\u60ac\u7591"], "title": "\u76d7\u68a6\u7a7a\u95f4", "casts": [{ "avatars": { "small": "https://img3.doubanio.com\/view\/celebrity\/s_ratio_celebrity\/public\/p470.webp", "large": "https://img3.doubanio.com\/view\/celebrity\/s_ratio_celebrity\/public\/p470.webp", "medium": "https://img3.doubanio.com\/view\/celebrity\/s_ratio_celebrity\/public\/p470.webp" }, "name_en": "Leonardo DiCaprio", "name": "\u83b1\u6602\u7eb3\u591a\u00b7\u8fea\u5361\u666e\u91cc\u5965", "alt": "https:\/\/movie.douban.com\/celebrity\/1041029\/", "id": "1041029" }, { "avatars": { "small": "https://img1.doubanio.com\/view\/celebrity\/s_ratio_celebrity\/public\/p3517.webp", "large": "https://img1.doubanio.com\/view\/celebrity\/s_ratio_celebrity\/public\/p3517.webp", "medium": "https://img1.doubanio.com\/view\/celebrity\/s_ratio_celebrity\/public\/p3517.webp" }, "name_en": "Joseph Gordon-Levitt", "name": "\u7ea6\u745f\u592b\u00b7\u9ad8\u767b-\u83b1\u7ef4\u7279", "alt": "https:\/\/movie.douban.com\/celebrity\/1101703\/", "id": "1101703" }, { "avatars": { "small": "https://img1.doubanio.com\/view\/celebrity\/s_ratio_celebrity\/public\/p118.webp", "large": "https://img1.doubanio.com\/view\/celebrity\/s_ratio_celebrity\/public\/p118.webp", "medium": "https://img1.doubanio.com\/view\/celebrity\/s_ratio_celebrity\/public\/p118.webp" }, "name_en": "Ellen Page", "name": "\u827e\u4f26\u00b7\u4f69\u5409", "alt": "https:\/\/movie.douban.com\/celebrity\/1012520\/", "id": "1012520" }], "durations": ["148\u5206\u949f"], "collect_count": 1779592, "mainland_pubdate": "2010-09-01", "has_video": true, "original_title": "Inception", "subtype": "movie", "directors": [{ "avatars": { "small": "https://img3.doubanio.com\/view\/celebrity\/s_ratio_celebrity\/public\/p673.webp", "large": "https://img3.doubanio.com\/view\/celebrity\/s_ratio_celebrity\/public\/p673.webp", "medium": "https://img3.doubanio.com\/view\/celebrity\/s_ratio_celebrity\/public\/p673.webp" }, "name_en": "Christopher Nolan", "name": "\u514b\u91cc\u65af\u6258\u5f17\u00b7\u8bfa\u5170", "alt": "https:\/\/movie.douban.com\/celebrity\/1054524\/", "id": "1054524" }], "pubdates": ["2010-07-16(\u7f8e\u56fd)", "2010-09-01(\u4e2d\u56fd\u5927\u9646)"], "year": "2010", "images": { "small": "https://img3.doubanio.com\/view\/photo\/s_ratio_poster\/public\/p513344864.webp", "large": "https://img3.doubanio.com\/view\/photo\/s_ratio_poster\/public\/p513344864.webp", "medium": "https://img3.doubanio.com\/view\/photo\/s_ratio_poster\/public\/p513344864.webp" }, "alt": "https:\/\/movie.douban.com\/subject\/3541415\/", "id": "3541415" }, { "rating": { "max": 10, "average": 9.3, "details": { "1": 746.0, "3": 30432.0, "2": 1962.0, "5": 486843.0, "4": 156355.0 }, "stars": "50", "min": 0 }, "genres": ["\u5267\u60c5"], "title": "\u5fe0\u72ac\u516b\u516c\u7684\u6545\u4e8b", "casts": [{ "avatars": { "small": "https://img3.doubanio.com\/view\/celebrity\/s_ratio_celebrity\/public\/p33013.webp", "large": "https://img3.doubanio.com\/view\/celebrity\/s_ratio_celebrity\/public\/p33013.webp", "medium": "https://img3.doubanio.com\/view\/celebrity\/s_ratio_celebrity\/public\/p33013.webp" }, "name_en": "Richard Gere", "name": "\u7406\u67e5\u00b7\u57fa\u5c14", "alt": "https:\/\/movie.douban.com\/celebrity\/1040997\/", "id": "1040997" }, { "avatars": { "small": "https://img3.doubanio.com\/view\/celebrity\/s_ratio_celebrity\/public\/p5502.webp", "large": "https://img3.doubanio.com\/view\/celebrity\/s_ratio_celebrity\/public\/p5502.webp", "medium": "https://img3.doubanio.com\/view\/celebrity\/s_ratio_celebrity\/public\/p5502.webp" }, "name_en": "Sarah Roemer", "name": "\u8428\u62c9\u00b7\u7f57\u9ed8\u5c14", "alt": "https:\/\/movie.douban.com\/celebrity\/1049499\/", "id": "1049499" }, { "avatars": { "small": "https://img3.doubanio.com\/view\/celebrity\/s_ratio_celebrity\/public\/p17520.webp", "large": "https://img3.doubanio.com\/view\/celebrity\/s_ratio_celebrity\/public\/p17520.webp", "medium": "https://img3.doubanio.com\/view\/celebrity\/s_ratio_celebrity\/public\/p17520.webp" }, "name_en": "Joan Allen", "name": "\u743c\u00b7\u827e\u4f26", "alt": "https:\/\/movie.douban.com\/celebrity\/1025215\/", "id": "1025215" }], "durations": ["93\u5206\u949f"], "collect_count": 1322994, "mainland_pubdate": "", "has_video": true, "original_title": "Hachi: A Dog's Tale", "subtype": "movie", "directors": [{ "avatars": { "small": "https://img3.doubanio.com\/view\/celebrity\/s_ratio_celebrity\/public\/p4333.webp", "large": "https://img3.doubanio.com\/view\/celebrity\/s_ratio_celebrity\/public\/p4333.webp", "medium": "https://img3.doubanio.com\/view\/celebrity\/s_ratio_celebrity\/public\/p4333.webp" }, "name_en": "Lasse Hallstr\u00f6m", "name": "\u62c9\u65af\u00b7\u970d\u5c14\u65af\u9053\u59c6", "alt": "https:\/\/movie.douban.com\/celebrity\/1018014\/", "id": "1018014" }], "pubdates": ["2009-06-13(\u897f\u96c5\u56fe\u7535\u5f71\u8282)", "2010-03-12(\u82f1\u56fd)"], "year": "2009", "images": { "small": "https://img3.doubanio.com\/view\/photo\/s_ratio_poster\/public\/p524964016.webp", "large": "https://img3.doubanio.com\/view\/photo\/s_ratio_poster\/public\/p524964016.webp", "medium": "https://img3.doubanio.com\/view\/photo\/s_ratio_poster\/public\/p524964016.webp" }, "alt": "https:\/\/movie.douban.com\/subject\/3011091\/", "id": "3011091" }, { "rating": { "max": 10, "average": 9.3, "details": { "1": 575.0, "3": 27114.0, "2": 1511.0, "5": 459025.0, "4": 156088.0 }, "stars": "50", "min": 0 }, "genres": ["\u7231\u60c5", "\u79d1\u5e7b", "\u52a8\u753b"], "title": "\u673a\u5668\u4eba\u603b\u52a8\u5458", "casts": [{ "avatars": { "small": "https://img1.doubanio.com\/view\/celebrity\/s_ratio_celebrity\/public\/p13028.webp", "large": "https://img1.doubanio.com\/view\/celebrity\/s_ratio_celebrity\/public\/p13028.webp", "medium": "https://img1.doubanio.com\/view\/celebrity\/s_ratio_celebrity\/public\/p13028.webp" }, "name_en": "Ben Burtt", "name": "\u672c\u00b7\u8d1d\u5c14\u7279", "alt": "https:\/\/movie.douban.com\/celebrity\/1009535\/", "id": "1009535" }, { "avatars": { "small": "https://img3.doubanio.com\/view\/celebrity\/s_ratio_celebrity\/public\/p1519794715.93.webp", "large": "https://img3.doubanio.com\/view\/celebrity\/s_ratio_celebrity\/public\/p1519794715.93.webp", "medium": "https://img3.doubanio.com\/view\/celebrity\/s_ratio_celebrity\/public\/p1519794715.93.webp" }, "name_en": "Elissa Knight", "name": "\u827e\u4e3d\u838e\u00b7\u5948\u7279", "alt": "https:\/\/movie.douban.com\/celebrity\/1000389\/", "id": "1000389" }, { "avatars": { "small": "https://img1.doubanio.com\/view\/celebrity\/s_ratio_celebrity\/public\/p31068.webp", "large": "https://img1.doubanio.com\/view\/celebrity\/s_ratio_celebrity\/public\/p31068.webp", "medium": "https://img1.doubanio.com\/view\/celebrity\/s_ratio_celebrity\/public\/p31068.webp" }, "name_en": "Jeff Garlin", "name": "\u6770\u592b\u00b7\u683c\u5c14\u6797", "alt": "https:\/\/movie.douban.com\/celebrity\/1018022\/", "id": "1018022" }], "durations": ["98\u5206\u949f"], "collect_count": 1152777, "mainland_pubdate": "", "has_video": true, "original_title": "WALL\u00b7E", "subtype": "movie", "directors": [{ "avatars": { "small": "https://img3.doubanio.com\/view\/celebrity\/s_ratio_celebrity\/public\/p1467359656.96.webp", "large": "https://img3.doubanio.com\/view\/celebrity\/s_ratio_celebrity\/public\/p1467359656.96.webp", "medium": "https://img3.doubanio.com\/view\/celebrity\/s_ratio_celebrity\/public\/p1467359656.96.webp" }, "name_en": "Andrew Stanton", "name": "\u5b89\u5fb7\u9c81\u00b7\u65af\u5766\u987f", "alt": "https:\/\/movie.douban.com\/celebrity\/1036450\/", "id": "1036450" }], "pubdates": ["2008-06-27(\u7f8e\u56fd)"], "year": "2008", "images": { "small": "https://img3.doubanio.com\/view\/photo\/s_ratio_poster\/public\/p1461851991.webp", "large": "https://img3.doubanio.com\/view\/photo\/s_ratio_poster\/public\/p1461851991.webp", "medium": "https://img3.doubanio.com\/view\/photo\/s_ratio_poster\/public\/p1461851991.webp" }, "alt": "https:\/\/movie.douban.com\/subject\/2131459\/", "id": "2131459" }, { "rating": { "max": 10, "average": 9.2, "details": { "1": 2551.0, "3": 49698.0, "2": 5173.0, "5": 606457.0, "4": 230849.0 }, "stars": "50", "min": 0 }, "genres": ["\u5267\u60c5", "\u559c\u5267", "\u7231\u60c5"], "title": "\u4e09\u50bb\u5927\u95f9\u5b9d\u83b1\u575e", "casts": [{ "avatars": { "small": "https://img1.doubanio.com\/view\/celebrity\/s_ratio_celebrity\/public\/p13628.webp", "large": "https://img1.doubanio.com\/view\/celebrity\/s_ratio_celebrity\/public\/p13628.webp", "medium": "https://img1.doubanio.com\/view\/celebrity\/s_ratio_celebrity\/public\/p13628.webp" }, "name_en": "Aamir Khan", "name": "\u963f\u7c73\u5c14\u00b7\u6c57", "alt": "https:\/\/movie.douban.com\/celebrity\/1031931\/", "id": "1031931" }, { "avatars": { "small": "https://img1.doubanio.com\/view\/celebrity\/s_ratio_celebrity\/public\/p5568.webp", "large": "https://img1.doubanio.com\/view\/celebrity\/s_ratio_celebrity\/public\/p5568.webp", "medium": "https://img1.doubanio.com\/view\/celebrity\/s_ratio_celebrity\/public\/p5568.webp" }, "name_en": "Kareena Kapoor", "name": "\u5361\u7433\u5a1c\u00b7\u5361\u666e\u5c14", "alt": "https:\/\/movie.douban.com\/celebrity\/1049635\/", "id": "1049635" }, { "avatars": { "small": "https://img3.doubanio.com\/view\/celebrity\/s_ratio_celebrity\/public\/p5651.webp", "large": "https://img3.doubanio.com\/view\/celebrity\/s_ratio_celebrity\/public\/p5651.webp", "medium": "https://img3.doubanio.com\/view\/celebrity\/s_ratio_celebrity\/public\/p5651.webp" }, "name_en": "R. Madhavan", "name": "\u9a6c\u8fbe\u8303", "alt": "https:\/\/movie.douban.com\/celebrity\/1018290\/", "id": "1018290" }], "durations": ["171\u5206\u949f(\u5370\u5ea6)"], "collect_count": 1546993, "mainland_pubdate": "2011-12-08", "has_video": false, "original_title": "3 Idiots", "subtype": "movie", "directors": [{ "avatars": { "small": "https://img1.doubanio.com\/view\/celebrity\/s_ratio_celebrity\/public\/p16549.webp", "large": "https://img1.doubanio.com\/view\/celebrity\/s_ratio_celebrity\/public\/p16549.webp", "medium": "https://img1.doubanio.com\/view\/celebrity\/s_ratio_celebrity\/public\/p16549.webp" }, "name_en": "Rajkumar Hirani", "name": "\u62c9\u5409\u5e93\u9a6c\u5c14\u00b7\u5e0c\u62c9\u5c3c", "alt": "https:\/\/movie.douban.com\/celebrity\/1286677\/", "id": "1286677" }], "pubdates": ["2009-12-25(\u5370\u5ea6)", "2011-12-08(\u4e2d\u56fd\u5927\u9646)"], "year": "2009", "images": { "small": "https://img3.doubanio.com\/view\/photo\/s_ratio_poster\/public\/p579729551.webp", "large": "https://img3.doubanio.com\/view\/photo\/s_ratio_poster\/public\/p579729551.webp", "medium": "https://img3.doubanio.com\/view\/photo\/s_ratio_poster\/public\/p579729551.webp" }, "alt": "https:\/\/movie.douban.com\/subject\/3793023\/", "id": "3793023" }, { "rating": { "max": 10, "average": 9.3, "details": { "1": 361.0, "3": 24953.0, "2": 1109.0, "5": 429405.0, "4": 169964.0 }, "stars": "50", "min": 0 }, "genres": ["\u5267\u60c5", "\u97f3\u4e50"], "title": "\u653e\u725b\u73ed\u7684\u6625\u5929", "casts": [{ "avatars": { "small": "https://img3.doubanio.com\/view\/celebrity\/s_ratio_celebrity\/public\/p3363.webp", "large": "https://img3.doubanio.com\/view\/celebrity\/s_ratio_celebrity\/public\/p3363.webp", "medium": "https://img3.doubanio.com\/view\/celebrity\/s_ratio_celebrity\/public\/p3363.webp" }, "name_en": "G\u00e9rard Jugnot", "name": "\u70ed\u62c9\u5c14\u00b7\u6731\u5c3c\u5965", "alt": "https:\/\/movie.douban.com\/celebrity\/1048281\/", "id": "1048281" }, { "avatars": { "small": "https://img1.doubanio.com\/view\/celebrity\/s_ratio_celebrity\/public\/p9329.webp", "large": "https://img1.doubanio.com\/view\/celebrity\/s_ratio_celebrity\/public\/p9329.webp", "medium": "https://img1.doubanio.com\/view\/celebrity\/s_ratio_celebrity\/public\/p9329.webp" }, "name_en": "Fran\u00e7ois Berl\u00e9and", "name": "\u5f17\u6717\u7d22\u74e6\u00b7\u8d1d\u83b1\u6602", "alt": "https:\/\/movie.douban.com\/celebrity\/1054351\/", "id": "1054351" }, { "avatars": { "small": "https://img3.doubanio.com\/view\/celebrity\/s_ratio_celebrity\/public\/p44424.webp", "large": "https://img3.doubanio.com\/view\/celebrity\/s_ratio_celebrity\/public\/p44424.webp", "medium": "https://img3.doubanio.com\/view\/celebrity\/s_ratio_celebrity\/public\/p44424.webp" }, "name_en": "Kad Merad", "name": "\u51ef\u5fb7\u00b7\u9ea6\u62c9\u5fb7", "alt": "https:\/\/movie.douban.com\/celebrity\/1000491\/", "id": "1000491" }], "durations": ["97\u5206\u949f"], "collect_count": 1162943, "mainland_pubdate": "2004-10-16", "has_video": true, "original_title": "Les choristes", "subtype": "movie", "directors": [{ "avatars": { "small": "https://img3.doubanio.com\/view\/celebrity\/s_ratio_celebrity\/public\/p24744.webp", "large": "https://img3.doubanio.com\/view\/celebrity\/s_ratio_celebrity\/public\/p24744.webp", "medium": "https://img3.doubanio.com\/view\/celebrity\/s_ratio_celebrity\/public\/p24744.webp" }, "name_en": "Christophe Barratier", "name": "\u514b\u91cc\u65af\u6258\u592b\u00b7\u5df4\u62c9\u8482", "alt": "https:\/\/movie.douban.com\/celebrity\/1277959\/", "id": "1277959" }], "pubdates": ["2004-03-17(\u6cd5\u56fd)", "2004-10-16(\u4e2d\u56fd\u5927\u9646)"], "year": "2004", "images": { "small": "https://img3.doubanio.com\/view\/photo\/s_ratio_poster\/public\/p1910824951.webp", "large": "https://img3.doubanio.com\/view\/photo\/s_ratio_poster\/public\/p1910824951.webp", "medium": "https://img3.doubanio.com\/view\/photo\/s_ratio_poster\/public\/p1910824951.webp" }, "alt": "https:\/\/movie.douban.com\/subject\/1291549\/", "id": "1291549" }, { "rating": { "max": 10, "average": 9.2, "details": { "1": 1237.0, "3": 36503.0, "2": 3457.0, "5": 475934.0, "4": 181427.0 }, "stars": "50", "min": 0 }, "genres": ["\u5267\u60c5", "\u97f3\u4e50"], "title": "\u6d77\u4e0a\u94a2\u7434\u5e08", "casts": [{ "avatars": { "small": "https://img3.doubanio.com\/view\/celebrity\/s_ratio_celebrity\/public\/p6281.webp", "large": "https://img3.doubanio.com\/view\/celebrity\/s_ratio_celebrity\/public\/p6281.webp", "medium": "https://img3.doubanio.com\/view\/celebrity\/s_ratio_celebrity\/public\/p6281.webp" }, "name_en": "Tim Roth", "name": "\u8482\u59c6\u00b7\u7f57\u65af", "alt": "https:\/\/movie.douban.com\/celebrity\/1025176\/", "id": "1025176" }, { "avatars": { "small": "https://img3.doubanio.com\/view\/celebrity\/s_ratio_celebrity\/public\/p1355152571.6.webp", "large": "https://img3.doubanio.com\/view\/celebrity\/s_ratio_celebrity\/public\/p1355152571.6.webp", "medium": "https://img3.doubanio.com\/view\/celebrity\/s_ratio_celebrity\/public\/p1355152571.6.webp" }, "name_en": "Pruitt Taylor Vince", "name": "\u666e\u8def\u7279\u00b7\u6cf0\u52d2\u00b7\u6587\u65af", "alt": "https:\/\/movie.douban.com\/celebrity\/1010659\/", "id": "1010659" }, { "avatars": { "small": "https://img3.doubanio.com\/view\/celebrity\/s_ratio_celebrity\/public\/p12333.webp", "large": "https://img3.doubanio.com\/view\/celebrity\/s_ratio_celebrity\/public\/p12333.webp", "medium": "https://img3.doubanio.com\/view\/celebrity\/s_ratio_celebrity\/public\/p12333.webp" }, "name_en": "Bill Nunn", "name": "\u6bd4\u5c14\u00b7\u52aa\u6069", "alt": "https:\/\/movie.douban.com\/celebrity\/1027407\/", "id": "1027407" }], "durations": ["165\u5206\u949f", "120\u5206\u949f(\u6cd5\u56fd\u7248)", "169\u5206\u949f(\u52a0\u957f\u7248)"], "collect_count": 1265631, "mainland_pubdate": "", "has_video": true, "original_title": "La leggenda del pianista sull'oceano", "subtype": "movie", "directors": [{ "avatars": { "small": "https://img3.doubanio.com\/view\/celebrity\/s_ratio_celebrity\/public\/p195.webp", "large": "https://img3.doubanio.com\/view\/celebrity\/s_ratio_celebrity\/public\/p195.webp", "medium": "https://img3.doubanio.com\/view\/celebrity\/s_ratio_celebrity\/public\/p195.webp" }, "name_en": "Giuseppe Tornatore", "name": "\u6731\u585e\u4f69\u00b7\u6258\u7eb3\u591a\u96f7", "alt": "https:\/\/movie.douban.com\/celebrity\/1018983\/", "id": "1018983" }], "pubdates": ["1998-10-28(\u610f\u5927\u5229)"], "year": "1998", "images": { "small": "https://img1.doubanio.com\/view\/photo\/s_ratio_poster\/public\/p511146807.webp", "large": "https://img1.doubanio.com\/view\/photo\/s_ratio_poster\/public\/p511146807.webp", "medium": "https://img1.doubanio.com\/view\/photo\/s_ratio_poster\/public\/p511146807.webp" }, "alt": "https:\/\/movie.douban.com\/subject\/1292001\/", "id": "1292001" }], "title": "\u8c46\u74e3\u7535\u5f71Top250" }